image_url,likes,category,tags
https://scontent.cdninstagram.com/v/t39.30808-6/448991037_18356150896098795_8276803505576229543_n.jpg?stp=dst-jpg_e35&efg=eyJ2ZW5jb2RlX3RhZyI6ImltYWdlX3VybGdlbi4xNDQweDE4MDAuc2RyLmYzMDgwOCJ9&_nc_ht=scontent.cdninstagram.com&_nc_cat=103&_nc_ohc=nTGaDjCdx4IQ7kNvgFzCxE5&gid=0a0e5c14052c40fc8cddd926267e4ac0&edm=APs17CUAAAAA&ccb=7-5&ig_cache_key=MzM5NjEyMjA0NDk1MTM1NjE2Mg%3D%3D.2-ccb7-5&oh=00_AYB_mxnuq0VSIgzG5SV4HZc53oBzoBKbh_ou0ii3CK9k5A&oe=66949F7C&_nc_sid=10d13b,200,ethnic,"['#KingaMathe', '#bayern', '#bavaria', '#lederhose', '#tracht', '#trachtenmode', '#bayerischetracht', '#traditionaloutfit', '#mensstyle', '#modernmen', '#gentsstyle', '#aestheticoutfit', '#münchen', '#bayernliebe', '#oktoberfest🍻', '#oktoberfest', '#wiesn2024', '#oktoberfest2024', '#waldfestkreuth', '#tegernsee', '#bayern']"
https://scontent.cdninstagram.com/v/t39.30808-6/450599727_18323542957181516_5551241616984670096_n.jpg?stp=dst-jpg_e35&efg=eyJ2ZW5jb2RlX3RhZyI6ImltYWdlX3VybGdlbi4xNDQweDE4MDAuc2RyLmYzMDgwOCJ9&_nc_ht=scontent.cdninstagram.com&_nc_cat=108&_nc_ohc=PUc0EqkEwGIQ7kNvgHBBMGs&edm=APs17CUAAAAA&ccb=7-5&ig_cache_key=MzQwOTA0NzgxMTI1NjE1NjY5NA%3D%3D.2-ccb7-5&oh=00_AYCx679Bsh1u2I2ug_IZOEB9JAujrCqqBSF5cLPM00Q22A&oe=66949BB7&_nc_sid=10d13b,200,ethnic,"['#traditionaloutfit', '#indianfashion', '#meninkurta', '#indianwear', '#desioutfit', '#brownboys']"
https://scontent.cdninstagram.com/v/t51.29350-15/440282071_862282128994614_9121413898695433771_n.jpg?stp=dst-jpg_e35&efg=eyJ2ZW5jb2RlX3RhZyI6ImltYWdlX3VybGdlbi4yNTcyeDI1NzIuc2RyLmYyOTM1MCJ9&_nc_ht=scontent.cdninstagram.com&_nc_cat=106&_nc_ohc=eKWa4p4AWa4Q7kNvgG7U7ee&edm=APs17CUBAAAA&ccb=7-5&ig_cache_key=MzM1MzU5MTU3MTE2OTI5NjgyNQ%3D%3D.2-ccb7-5&oh=00_AYBv5rJmJxm_8GzhqBfyORvM9aySjhx4YVaJzOsHOotweQ&oe=6694ADE8&_nc_sid=10d13b,200,ethnic,"['#着物', '#着物好き', '#着物コーディネート備忘録', '#名古屋帯', '#小紋', '#桜', '#着物のある風景', '#アキコーディネート', '#自由に楽しく', '#kimono', '#kimonostyle', '#kimonofashion', '#kimonolove', '#kimonolovers', '#kimonolife', '#traditionaloutfit', '#tokyo', '#japan', '#japaneseculture', '#nagoyaobi', '#obibelt']"
https://scontent.cdninstagram.com/v/t51.29350-15/441656755_377750331929960_5239061330369301390_n.heic?stp=dst-jpg_e35&efg=eyJ2ZW5jb2RlX3RhZyI6ImltYWdlX3VybGdlbi4xNDQweDE3NTEuc2RyLmYyOTM1MCJ9&_nc_ht=scontent.cdninstagram.com&_nc_cat=108&_nc_ohc=qgiOcraWuUMQ7kNvgHXXQBa&gid=453dfba28e9247ee8e47097d4b98f78b&edm=APs17CUBAAAA&ccb=7-5&ig_cache_key=MzM2MjQzNDM3MzI2NzA2MjAwMA%3D%3D.2-ccb7-5&oh=00_AYCeecuCmERJ2ydvhUYWzrqhyNuykdH2veFykNRhr8jT4w&oe=6694AF09&_nc_sid=10d13b,796,ethnic,"['#keralaphotography', '#traditionaloutfit', '#keralasaree', '#outdoorphotography', '#indianartgallery', '#canonr6', '#ambalapuzha', '#souparnikacreations']"
https://scontent.cdninstagram.com/v/t51.29350-15/449858388_379332474772163_2076362991119173769_n.jpg?stp=dst-jpg_e35&efg=eyJ2ZW5jb2RlX3RhZyI6ImltYWdlX3VybGdlbi4xNDQweDE4MDAuc2RyLmYyOTM1MCJ9&_nc_ht=scontent.cdninstagram.com&_nc_cat=111&_nc_ohc=G5khPIiZdmMQ7kNvgGSg0rP&edm=APs17CUBAAAA&ccb=7-5&ig_cache_key=MzQwNjcyMDg2Njk3ODA2ODA4Mg%3D%3D.2-ccb7-5&oh=00_AYBXU80GR6S73G38wf_NNKekP4hXNZ410bmnsFoe-eG6BQ&oe=6694BA23&_nc_sid=10d13b,636,ethnic,"['#mauritius🇲🇺', '#traditionaloutfit', '#tamilgirl']"
https://scontent.cdninstagram.com/v/t51.29350-15/448384811_493615203086998_5512700660602159813_n.jpg?se=-1&stp=dst-jpegr_e35&efg=eyJ2ZW5jb2RlX3RhZyI6ImltYWdlX3VybGdlbi4xNDQweDE4MDAuaGRyLmYyOTM1MCJ9&_nc_ht=scontent.cdninstagram.com&_nc_cat=110&_nc_ohc=pym6WdfZIKsQ7kNvgGLyX2S&edm=APs17CUBAAAA&ccb=7-5&ig_cache_key=MzM5MTg2MDAzNzMwMzEzNTcwNw%3D%3D.2-ccb7-5&oh=00_AYCGRC17v06eHeNT-JF4ij4u2gKaAAlbXjhP1AWST-LuYg&oe=6694C1A0&_nc_sid=10d13b,200,ethnic,"['#instagood', '#blessedday', '#fyp', '#instalike', '#uae', '#uaetemple', '#uaelife', '#uaebloggers', '#traditional', '#traditionaloutfit']"
https://scontent.cdninstagram.com/v/t51.29350-15/449859176_785408957072941_7240193738927689016_n.jpg?stp=dst-jpg_e35&efg=eyJ2ZW5jb2RlX3RhZyI6ImltYWdlX3VybGdlbi4xNDQweDE4MDAuc2RyLmYyOTM1MCJ9&_nc_ht=scontent.cdninstagram.com&_nc_cat=101&_nc_ohc=erV3iP2BNWMQ7kNvgGKq12P&edm=APs17CUBAAAA&ccb=7-5&ig_cache_key=MzQwNDUyMDM3MTg4NDEzMTIyMg%3D%3D.2-ccb7-5&oh=00_AYBjqCXZEYWn2DBAUzE_kUChhRAJYOFP84CRaSS2pUEIGg&oe=6694A2E0&_nc_sid=10d13b,650,ethnic,"['#weddingoutfit', '#indianoutfit', '#traditional', '#traditionaloutfit', '#weddingdress', '#preweddingphoto', '#dubai🇦🇪', '#prewedding', '#alseefdubai', '#bride', '#groom', '#preweddingshoot']"
https://scontent.cdninstagram.com/v/t39.30808-6/441868299_18231084610287464_6580885908405895681_n.jpg?stp=dst-jpg_e35&efg=eyJ2ZW5jb2RlX3RhZyI6ImltYWdlX3VybGdlbi4xNDQweDE4MDAuc2RyLmYzMDgwOCJ9&_nc_ht=scontent.cdninstagram.com&_nc_cat=108&_nc_ohc=axjhhNJfsF0Q7kNvgHPLXT2&edm=APs17CUAAAAA&ccb=7-5&ig_cache_key=MzM3OTkyNDczNDIxMjIwOTMzOA%3D%3D.2-ccb7-5&oh=00_AYDnKXyrQYcWRPs6x99xVKI3esRFccbqRsRhrFZ_epx5yQ&oe=66949DD8&_nc_sid=10d13b,639,ethnic,"['#weddingdress', '#weddinginspiration', '#groom', '#indianwear', '#indianfashion', '#traditionaloutfit', '#fypage', '#exploremore']"
https://scontent.cdninstagram.com/v/t39.30808-6/448320541_18299121328084747_8989606439784729381_n.jpg?stp=dst-jpg_e35&efg=eyJ2ZW5jb2RlX3RhZyI6ImltYWdlX3VybGdlbi4xNDQweDE4MDAuc2RyLmYzMDgwOCJ9&_nc_ht=scontent.cdninstagram.com&_nc_cat=107&_nc_ohc=DPzP4jTEUfkQ7kNvgEksXAp&edm=APs17CUAAAAA&ccb=7-5&ig_cache_key=MzM4ODc4MTUzNTA2MDk5NDk2Ng%3D%3D.2-ccb7-5&oh=00_AYCuNe2IHx5zAYHWWOKPQFdncERpruWZnTtQ44cJt4Igcw&oe=6694B503&_nc_sid=10d13b,"1,864",ethnic,"['#weddingseason', '#mangalorewedding', '#cousinwedding', '#DilSush', '#kulalponnu', '#shravyackulal', '#bhashofkulals❤️', '#mangalorediaries', '#weddingdress', '#purplelove', '#traditionaloutfit', '#sareelove', '#livethelifeyoulove']"
https://scontent.cdninstagram.com/v/t51.29350-15/449835107_2542605339258292_7709715678471601398_n.jpg?se=-1&stp=cp6_dst-jpegr_e35&efg=eyJ2ZW5jb2RlX3RhZyI6ImltYWdlX3VybGdlbi4xNDQweDE4MDAuaGRyLmYyOTM1MCJ9&_nc_ht=scontent.cdninstagram.com&_nc_cat=104&_nc_ohc=b2n3q9c0WkoQ7kNvgFBEInF&edm=APs17CUBAAAA&ccb=7-5&ig_cache_key=MzQwNTQ3OTQ0NDM2NTI3NDQyOA%3D%3D.2-ccb7-5&oh=00_AYDrsqZP-VhOxt24G5BDbNyxHrjXHh-BjyS2V8H2-oll3g&oe=6694C989&_nc_sid=10d13b,333,ethnic,"['#family', '#familygoals', '#husbandandwife', '#daughter', '#lifestyle', '#outfit', '#outfitinspiration', '#traditionaloutfit', '#saree', '#silksaree', '#jewellery', '#pattusaree', '#outfitideas', '#momanddaughter', '#dadlife', '#dindigul']"
https://scontent.cdninstagram.com/v/t51.2885-15/371744220_172158629233983_8547823889597220157_n.jpg?stp=dst-jpg_e15&efg=eyJ2ZW5jb2RlX3RhZyI6ImltYWdlX3VybGdlbi43MjB4MTI4MC5zZHIuZjM2MzI5In0&_nc_ht=scontent.cdninstagram.com&_nc_cat=103&_nc_ohc=l0NCagKsaLkQ7kNvgH8k-Ux&edm=APs17CUBAAAA&ccb=7-5&ig_cache_key=MzE4MDczNzQ5OTcxMjg3MDI3Mg%3D%3D.2-ccb7-5&oh=00_AYAjpKi6ot0P9zn0h3Q4b_r1seUGpKR4AzpYSPz5-GDb5Q&oe=6694C544&_nc_sid=10d13b,200,ethnic,"['#instagramreels', '#instagram', '#divi', '#diyasaklani', '#trendingreels', '#trending', '#love', '#relationshipgoals', '#traditional', '#traditionaloutfit', '#fyp', '#cute', '#lover', '#naturebeauty', '#favorite', '#zaroor', '#trend', '#love', '#transition', '#beautiful', '#instagood', '#instagram', '#explore', '#fyp', '#mtv', '#trendalert', '#happiness', '#peace', '#explorepage']"
https://scontent.cdninstagram.com/v/t51.29350-15/449634851_3634079000240006_2044307555237961586_n.heic?stp=dst-jpg_e35&efg=eyJ2ZW5jb2RlX3RhZyI6ImltYWdlX3VybGdlbi4xNDQweDE0NDAuc2RyLmYyOTM1MCJ9&_nc_ht=scontent.cdninstagram.com&_nc_cat=102&_nc_ohc=1o5txC91UwsQ7kNvgF_VJ7O&edm=APs17CUBAAAA&ccb=7-5&ig_cache_key=MzQwMzM4MDMzODQxMDg4NjE5Ng%3D%3D.2-ccb7-5&oh=00_AYCYCwnxrHdPU8sYiL8FThT4zfqtWTqV-XG4w4ZJ_9D-ow&oe=6694BADB&_nc_sid=10d13b,"1,380",ethnic,"['#KutchiElegance', '#TraditionalAttire', '#ColorfulElegance', '#FashionDiaries', '#EthnicWear', '#DesiVibes', '#LehengaLove', '#IndianFashion', '#StyleInspiration', '#OOTD', '#Fashionista', '#CulturalFashion', '#BollywoodStyle', '#EthnicChic', '#FashionGoals', '#InstaFashion', '#StyleInspo', '#TraditionalOutfit']"
https://scontent.cdninstagram.com/v/t51.29350-15/450743104_3495262697438708_1274553035587140185_n.jpg?stp=dst-jpg_e35&efg=eyJ2ZW5jb2RlX3RhZyI6ImltYWdlX3VybGdlbi4xNDQweDE4MDAuc2RyLmYyOTM1MCJ9&_nc_ht=scontent.cdninstagram.com&_nc_cat=108&_nc_ohc=kYOb1wTYtaYQ7kNvgGpj6kA&edm=APs17CUBAAAA&ccb=7-5&ig_cache_key=MzQwODU1MTI1OTEzOTM1MTE2MQ%3D%3D.2-ccb7-5&oh=00_AYCImcNyfhIjNT9qcCKyLLcQbxDRnQXnUwAmiNQYVqRbOA&oe=66949D92&_nc_sid=10d13b,22,ethnic,"['#traditionaloutfit', '#stichbyappama', '#edenakinthujan']"
https://scontent.cdninstagram.com/v/t51.29350-15/450473882_853516013379900_6408253349896373647_n.webp?stp=dst-jpg_e35&efg=eyJ2ZW5jb2RlX3RhZyI6ImltYWdlX3VybGdlbi4xMjc5eDE1OTguc2RyLmYyOTM1MCJ9&_nc_ht=scontent.cdninstagram.com&_nc_cat=100&_nc_ohc=dmmMnC68Z1oQ7kNvgEgq6jz&edm=APs17CUBAAAA&ccb=7-5&ig_cache_key=MzQwOTIyODQ2MDM4MzAxOTYzOQ%3D%3D.2-ccb7-5&oh=00_AYATaSfoGzhJGv5wimIa1IL1Cz4O0bZ252Ci071F0M-Jsw&oe=6694C7D0&_nc_sid=10d13b,24,ethnic,"['#saree', '#sareelove', '#fashion', '#sarees', '#traditionaloutfit', '#sareesofinstagram', '#sareefashion', '#sareedraping', '#indianwear', '#sareeblouse', '#india', '#ethnicwear', '#indianwedding', '#love', '#traditional', '#handloom', '#wedding', '#lehenga', '#sareeindia', '#silksaree', '#likeforlikes', '#indianfashion', '#sareelover', '#sareedraping', '#style', '#instagram', '#sareestyle', '#like']"
https://scontent.cdninstagram.com/v/t51.29350-15/450447792_391593203425665_3506534063755393668_n.heic?stp=dst-jpg_e35&efg=eyJ2ZW5jb2RlX3RhZyI6ImltYWdlX3VybGdlbi4xNDQweDE4MDAuc2RyLmYyOTM1MCJ9&_nc_ht=scontent.cdninstagram.com&_nc_cat=109&_nc_ohc=R0kT6V0UQqEQ7kNvgH6p8Wj&edm=APs17CUBAAAA&ccb=7-5&ig_cache_key=MzQwODM2MzgyNzkwODc1MTMwNw%3D%3D.2-ccb7-5&oh=00_AYDbV-IFCBeFYxpxXeVyDCkCmV7G-icqG1d0fwjc7geRpw&oe=66949F09&_nc_sid=10d13b,"1,524",ethnic,"['#selflove', '#selfcare', '#tradiotional', '#traditionalwear', '#traditionaloutfit', '#tamilnadu', '#tamilnadugirls', '#thirunelveli', '#sathiyaspodcast', '#vlogsathiya', '#outfitcheck']"
https://scontent.cdninstagram.com/v/t51.29350-15/450343747_871577851656053_74807421865669963_n.jpg?stp=dst-jpg_e15&efg=eyJ2ZW5jb2RlX3RhZyI6ImltYWdlX3VybGdlbi43MjB4MTI3OC5zZHIuZjI5MzUwIn0&_nc_ht=scontent.cdninstagram.com&_nc_cat=105&_nc_ohc=6B7hAOG1XpAQ7kNvgG1-eW-&edm=APs17CUBAAAA&ccb=7-5&ig_cache_key=MzQwNzc4MzA0MTU4MjY3MzE4MQ%3D%3D.2-ccb7-5&oh=00_AYBrnDQBSSKKmb8ITFO0ue1JLMAfGPdcTQxmuUTgp4uu1Q&oe=66949805&_nc_sid=10d13b,200,ethnic,"['#reels', '#reelinstagram', '#viralvideos', '#explorepage', '#fyp', '#instadaily', '#desiasthetic', '#desivibes', '#desifashion', '#fashion', '#trending', '#traditionaloutfit', '#marudaani', '#tamilsong', '#pinkdress🎀']"
https://scontent.cdninstagram.com/v/t51.29350-15/449762774_977068620821339_3844201659939433800_n.heic?stp=dst-jpg_e35&efg=eyJ2ZW5jb2RlX3RhZyI6ImltYWdlX3VybGdlbi4xMDgweDEwODAuc2RyLmYyOTM1MCJ9&_nc_ht=scontent.cdninstagram.com&_nc_cat=111&_nc_ohc=fIoOncjyMPkQ7kNvgF2LvBH&edm=APs17CUBAAAA&ccb=7-5&ig_cache_key=MzQwNTM0Mzc3NjIwNDgyNjQ1NA%3D%3D.2-ccb7-5&oh=00_AYB5J0bhqGLvTWMqFmS2p99OowbVXws0qdTiwnFcSxuWcQ&oe=6694A1B0&_nc_sid=10d13b,672,ethnic,"['#snehaprasanna', '#snehaalaya', '#traditionaloutfit', '#tradition', '#traditionalwear', '#sareelovewithsneha', '#saree', '#sareelegacy', '#gorgeous', '#lady', '#beautiful']"
https://scontent.cdninstagram.com/v/t51.29350-15/450347748_1126064795122842_7025733409059013176_n.webp?stp=dst-jpg_e35&efg=eyJ2ZW5jb2RlX3RhZyI6ImltYWdlX3VybGdlbi4xMDgweDEyMTMuc2RyLmYyOTM1MCJ9&_nc_ht=scontent.cdninstagram.com&_nc_cat=106&_nc_ohc=xoXVG8CnraUQ7kNvgFEfEpQ&edm=APs17CUBAAAA&ccb=7-5&ig_cache_key=MzQwOTAzMjU5NzYxNjE1MDMxOQ%3D%3D.2-ccb7-5&oh=00_AYDDdi-y_kPvXQyDM7IK0aBnmo0fN8VR3n9zVHEr3MyzqA&oe=6694A78C&_nc_sid=10d13b,"1,311",top,"['#styleblogger', '#stylefashion', '#styleinspo', '#style', '#stylish', '#streetstyle', '#streetfashion', '#streetchic', '#instapic', '#instastyle', '#instafashion', '#instafollow', '#instagood', '#outfitinspiration', '#ootd', '#outfitoftheday', '#fashiongoals', '#fashionstyle', '#fashiontrends', '#fashioninspo', '#fashionblogger', '#fashiongirls', '#fashioninspiration', '#fashionista']"
https://scontent.cdninstagram.com/v/t51.29350-15/450354766_967867991800075_7436910432481637839_n.webp?stp=dst-jpg_e35&efg=eyJ2ZW5jb2RlX3RhZyI6ImltYWdlX3VybGdlbi4xMDgweDEzMTQuc2RyLmYyOTM1MCJ9&_nc_ht=scontent.cdninstagram.com&_nc_cat=107&_nc_ohc=JDDH4WBdPdwQ7kNvgHrreEy&edm=APs17CUBAAAA&ccb=7-5&ig_cache_key=MzQwOTEzNTE4OTM2MDY5Mzg3Mw%3D%3D.2-ccb7-5&oh=00_AYBV5djYpoZVkg4cDd9iaye9Z7E0G4zPFxEHxDGW4ZS3wg&oe=6694AC19&_nc_sid=10d13b,525,dress,"['#styleblogger', '#stylefashion', '#styleinspo', '#style', '#stylish', '#streetstyle', '#streetfashion', '#streetchic', '#instapic', '#instastyle', '#instafashion', '#instafollow', '#instagood', '#outfitinspiration', '#ootd', '#outfitoftheday', '#fashiongoals', '#fashionstyle', '#fashiontrends', '#fashioninspo', '#fashionblogger', '#fashiongirls', '#fashioninspiration', '#fashionista']"
https://scontent.cdninstagram.com/v/t51.29350-15/450427389_442844611913966_924965236201214324_n.jpg?stp=dst-jpg_e15&efg=eyJ2ZW5jb2RlX3RhZyI6ImltYWdlX3VybGdlbi44MTJ4MTQ0MC5zZHIuZjI5MzUwIn0&_nc_ht=scontent.cdninstagram.com&_nc_cat=102&_nc_ohc=5vZKsITWPKMQ7kNvgEUfWBX&gid=0330c225ca624de1a849ea926e3b3a98&edm=APs17CUBAAAA&ccb=7-5&ig_cache_key=MzQwODMyMDM5MzQ5MDA5NjIxNA%3D%3D.2-ccb7-5&oh=00_AYCxk-HDVJhBpeHDuEB1rB_Fm900cb-rDN4zmdzdre7b9A&oe=66949244&_nc_sid=10d13b,870,dress,"['#greenscreen', '#tops', '#summertop', '#fashiontrends', '#goingoutoutfit', '#2024fashion']"
https://scontent.cdninstagram.com/v/t51.29350-15/450347148_8243922512284733_3263776979720902591_n.webp?stp=dst-jpg_e35&efg=eyJ2ZW5jb2RlX3RhZyI6ImltYWdlX3VybGdlbi4xMDgweDEzMDIuc2RyLmYyOTM1MCJ9&_nc_ht=scontent.cdninstagram.com&_nc_cat=105&_nc_ohc=iut82GXp2mkQ7kNvgEK63cS&gid=e097a298b2f341f1ad2c84883652e6fe&edm=APs17CUBAAAA&ccb=7-5&ig_cache_key=MzQwODMwMjAyNjc4MjY3NjU5OA%3D%3D.2-ccb7-5&oh=00_AYDpOWarnokt7lbQFDF93ipPhlj0P8TcbZ5Pzmfzh1KNbA&oe=6694AB75&_nc_sid=10d13b,"1,631",top,"['#styleblogger', '#stylefashion', '#styleinspo', '#style', '#stylish', '#streetstyle', '#streetfashion', '#streetchic', '#instapic', '#instastyle', '#instafashion', '#instafollow', '#instagood', '#outfitinspiration', '#ootd', '#outfitoftheday', '#fashiongoals', '#fashionstyle', '#fashiontrends', '#fashioninspo', '#fashionblogger', '#fashiongirls', '#fashioninspiration', '#fashionista']"
https://scontent.cdninstagram.com/v/t39.30808-6/450331586_18449183296020872_7201773556185842883_n.jpg?stp=dst-jpg_e35&efg=eyJ2ZW5jb2RlX3RhZyI6ImltYWdlX3VybGdlbi4xNDQweDE4MDAuc2RyLmYzMDgwOCJ9&_nc_ht=scontent.cdninstagram.com&_nc_cat=108&_nc_ohc=n1S69H30sqoQ7kNvgGYJzls&edm=APs17CUAAAAA&ccb=7-5&ig_cache_key=MzQwNjc5MTgyMjkwMDgxMDA0Mg%3D%3D.2-ccb7-5&oh=00_AYCbnSnTGdI1K4qQwfcfUFljVg-DEQ2oufTscYj0kZM75Q&oe=66948910&_nc_sid=10d13b,763,dress,"['#fashioninfluencer', '#lifestyleblogger', '#daniasstudio', '#beirutwedding', '#lebanesestreetstyle', '#beirut', '#lebanon', '#trends', '#fashiontrends', '#trending', '#fashionforecasting', '#fashionreport', '#fashiontrends', '#fashionreport', '#آخر_موضة', '#weddingtheme', '#fashiontrends', '#designer', '#influencer', '#riyadh', '#weddingjewellery', '#weddingglam', '#weddinggown', '#weddingdress']"
https://scontent.cdninstagram.com/v/t51.29350-15/450098414_7865664886873774_9036210675784485797_n.webp?stp=dst-jpg_e35&efg=eyJ2ZW5jb2RlX3RhZyI6ImltYWdlX3VybGdlbi4xMDgweDEzNTAuc2RyLmYyOTM1MCJ9&_nc_ht=scontent.cdninstagram.com&_nc_cat=110&_nc_ohc=Zj9tajCAnCYQ7kNvgGtloJg&edm=APs17CUBAAAA&ccb=7-5&ig_cache_key=MzQwNzc1MzY3ODM5Mzg4Mjk5MA%3D%3D.2-ccb7-5&oh=00_AYAY4gOtbz8-pHmQSM64_fGBhxkej7UqhHcndqIlZnT4JQ&oe=6694AB0D&_nc_sid=10d13b,200,dress,"['#Ankaraexclusive', '#myblackisbeautiful', '#weddingguestinspiration', '#Africanclothing', '#styleblogger', '#blackownedbusiness', '#fashiontrends', '#asoebispecial', '#asoebibellanaija', '#bestseller', '#slayqueen', '#Ankarazone', '#abujamums', '#ootd', '#melanin', '#maxidresses', '#buynigerian', '#owanbenaija', '#owambe', '#lookbook', '#lagosfashion', '#madeinnigeria', '#asoebistyles', '#trendystyles', '#lagosslayers', '#bellanaijaweddings', '#weddingdigestnaija', '#asoebispecial']"
https://scontent.cdninstagram.com/v/t51.29350-15/449875920_792404096024491_3819505849824856863_n.webp?stp=dst-jpg_e35&efg=eyJ2ZW5jb2RlX3RhZyI6ImltYWdlX3VybGdlbi43MjB4OTAwLnNkci5mMjkzNTAifQ&_nc_ht=scontent.cdninstagram.com&_nc_cat=107&_nc_ohc=ejVLVsNDFBgQ7kNvgEM4_0P&gid=969b1aa70f0a4f7898c6bc466bad2f66&edm=APs17CUBAAAA&ccb=7-5&ig_cache_key=MzQwNjMyMjg4MzYxNTYwNzYxMA%3D%3D.2-ccb7-5&oh=00_AYBUeccPgyQMaA8A5zKUsqeSeH9_932Yra7EbawIwWYlfw&oe=6694B19C&_nc_sid=10d13b,200,dress,"['#Ankaraexclusive', '#myblackisbeautiful', '#weddingguestinspiration', '#Africanclothing', '#styleblogger', '#blackownedbusiness', '#fashiontrends', '#asoebispecial', '#asoebibellanaija', '#bestseller', '#slayqueen', '#Ankarazone', '#abujamums', '#ootd', '#melanin', '#maxidresses', '#buynigerian', '#owanbenaija', '#owambe', '#lookbook', '#lagosfashion', '#madeinnigeria', '#asoebistyles', '#trendystyles', '#lagosslayers', '#bellanaijaweddings', '#weddingdigestnaija', '#asoebispecial']"
https://scontent.cdninstagram.com/v/t51.29350-15/450461591_1226058775223556_6572262459762466359_n.webp?stp=dst-jpg_e35&efg=eyJ2ZW5jb2RlX3RhZyI6ImltYWdlX3VybGdlbi4xMDYweDEwNjAuc2RyLmYyOTM1MCJ9&_nc_ht=scontent.cdninstagram.com&_nc_cat=100&_nc_ohc=jmU9NatblIsQ7kNvgHu7EAk&edm=APs17CUBAAAA&ccb=7-5&ig_cache_key=MzQwNzA1MTg3OTUxMzAwMTE5Mg%3D%3D.2-ccb7-5&oh=00_AYCwkqL6gDaSCqaxYJLdkMIzExuGSRtU1XHIpyFsVWNtTw&oe=6694B158&_nc_sid=10d13b,720,top pant,"['#styleblogger', '#stylefashion', '#styleinspo', '#style', '#stylish', '#streetstyle', '#streetfashion', '#streetchic', '#instapic', '#instastyle', '#instafashion', '#instafollow', '#instagood', '#outfitinspiration', '#ootd', '#outfitoftheday', '#fashiongoals', '#fashionstyle', '#fashiontrends', '#fashioninspo', '#fashionblogger', '#fashiongirls', '#fashioninspiration', '#fashionista']"
https://scontent.cdninstagram.com/v/t51.29350-15/450077754_1146257263151302_5261689683752472852_n.webp?stp=dst-jpg_e35&efg=eyJ2ZW5jb2RlX3RhZyI6ImltYWdlX3VybGdlbi4xMDc4eDEyNjkuc2RyLmYyOTM1MCJ9&_nc_ht=scontent.cdninstagram.com&_nc_cat=110&_nc_ohc=YFVqmKL_gdwQ7kNvgGqIhZa&edm=APs17CUBAAAA&ccb=7-5&ig_cache_key=MzQwNjE4NzE4Mzc5NjY1NTY3NA%3D%3D.2-ccb7-5&oh=00_AYD9PRQNOAwi7tT2k1d-TDsGvKW3vCwlNTt4duEPRRO3yQ&oe=66948476&_nc_sid=10d13b,"3,158",top,"['#styleblogger', '#stylefashion', '#styleinspo', '#style', '#stylish', '#streetstyle', '#streetfashion', '#streetchic', '#instapic', '#instastyle', '#instafashion', '#instafollow', '#instagood', '#outfitinspiration', '#ootd', '#outfitoftheday', '#fashiongoals', '#fashionstyle', '#fashiontrends', '#fashioninspo', '#fashionblogger', '#fashiongirls', '#fashioninspiration', '#fashionista']"
https://scontent.cdninstagram.com/v/t51.29350-15/449873058_360987760102293_2114938218856352509_n.webp?stp=dst-jpg_e35&efg=eyJ2ZW5jb2RlX3RhZyI6ImltYWdlX3VybGdlbi45MDB4MTEyNS5zZHIuZjI5MzUwIn0&_nc_ht=scontent.cdninstagram.com&_nc_cat=109&_nc_ohc=z2JSw1_yNMEQ7kNvgE_oag0&gid=5076c77b0fbb4ad89367cae709c37f78&edm=APs17CUBAAAA&ccb=7-5&ig_cache_key=MzQwNzg4ODQ2MzYyODI5ODM5Nw%3D%3D.2-ccb7-5&oh=00_AYA8rV1UZSUUKg6yN_8vCHTpMrltJ_cyp5M27K5wBmRI3Q&oe=6694868C&_nc_sid=10d13b,200,dress,"['#dresses_lovess', '#tacchialti', '#tacchiaspillo', '#tacco12', '#madeinitaly', '#supplyedby', '#weareinpuglia', '#travelphotography', '#traveladdict', '#travelgirl', '#girls', '#womandress', '#fashiontrends', '#creator']"
https://scontent.cdninstagram.com/v/t39.30808-6/450250871_18232835392276565_8635216718310007217_n.jpg?stp=dst-jpg_e35&efg=eyJ2ZW5jb2RlX3RhZyI6ImltYWdlX3VybGdlbi4xNDQweDE4MDAuc2RyLmYzMDgwOCJ9&_nc_ht=scontent.cdninstagram.com&_nc_cat=105&_nc_ohc=vZhI8MHYY5kQ7kNvgH13fKz&edm=APs17CUAAAAA&ccb=7-5&ig_cache_key=MzQwODQwODU4MjUzNzU0Nzg5MA%3D%3D.2-ccb7-5&oh=00_AYAxl_Vq7-8tv4dLT3A01qSlhnfnw7QekBsW9spHmXuuSQ&oe=66948555&_nc_sid=10d13b,"2,792",shirt shorts,[]
https://scontent.cdninstagram.com/v/t51.29350-15/449710375_1412022282842148_4960242534500829402_n.webp?stp=dst-jpg_e35&efg=eyJ2ZW5jb2RlX3RhZyI6ImltYWdlX3VybGdlbi4xMDc5eDEyMDIuc2RyLmYyOTM1MCJ9&_nc_ht=scontent.cdninstagram.com&_nc_cat=100&_nc_ohc=mzRFp6TuBMcQ7kNvgELl4bY&edm=APs17CUBAAAA&ccb=7-5&ig_cache_key=MzQwNDE0OTM1NDQ4MDc3MzUwOQ%3D%3D.2-ccb7-5&oh=00_AYBqlWjE7CmkLLarP6_9KEFp-v3J176fmP2s9kQUxrSopQ&oe=66949547&_nc_sid=10d13b,514,overcoat shorts top,"['#styleblogger', '#stylefashion', '#styleinspo', '#style', '#stylish', '#streetstyle', '#streetfashion', '#streetchic', '#instapic', '#instastyle', '#instafashion', '#instafollow', '#instagood', '#outfitinspiration', '#ootd', '#outfitoftheday', '#fashiongoals', '#fashionstyle', '#fashiontrends', '#fashioninspo', '#fashionblogger', '#fashiongirls', '#fashioninspiration', '#fashionista']"
https://scontent.cdninstagram.com/v/t51.29350-15/450467138_447270941534666_208117160956512857_n.webp?stp=dst-jpg_e35&efg=eyJ2ZW5jb2RlX3RhZyI6ImltYWdlX3VybGdlbi43NDl4OTM3LnNkci5mMjkzNTAifQ&_nc_ht=scontent.cdninstagram.com&_nc_cat=102&_nc_ohc=Tp8MrEN_B9sQ7kNvgGFS-73&edm=APs17CUBAAAA&ccb=7-5&ig_cache_key=MzQwOTE2MTQ1Mjc2ODM4MzIzNg%3D%3D.2-ccb7-5&oh=00_AYBVK0pHLh0dKI143etgEiIi4TTS-LQhTTjgHFQ3Eq_otQ&oe=6694A013&_nc_sid=10d13b,"3,202",dress,"['#styleblogger', '#stylefashion', '#styleinspo', '#style', '#stylish', '#streetstyle', '#streetfashion', '#streetchic', '#instapic', '#instastyle', '#instafashion', '#instafollow', '#instagood', '#outfitinspiration', '#ootd', '#outfitoftheday', '#fashiongoals', '#fashionstyle', '#fashiontrends', '#fashioninspo', '#fashionblogger', '#fashiongirls', '#fashioninspiration', '#fashionista']"
https://scontent.cdninstagram.com/v/t51.29350-15/449840319_453995837484179_8656620429033833827_n.webp?stp=dst-jpg_e35&efg=eyJ2ZW5jb2RlX3RhZyI6ImltYWdlX3VybGdlbi42NzV4Nzg4LnNkci5mMjkzNTAifQ&_nc_ht=scontent.cdninstagram.com&_nc_cat=111&_nc_ohc=DBnSotrnV8AQ7kNvgFxEFLx&edm=APs17CUBAAAA&ccb=7-5&ig_cache_key=MzQwNTUzNTQ3OTAyMjU4MTEzNg%3D%3D.2-ccb7-5&oh=00_AYDNhnPsubx-8EQLGBKro4C4nFY1Evukn6BMoa8OyIiY-w&oe=6694B20D&_nc_sid=10d13b,547,top dress,"['#styleblogger', '#stylefashion', '#styleinspo', '#style', '#stylish', '#streetstyle', '#streetfashion', '#streetchic', '#instapic', '#instastyle', '#instafashion', '#instafollow', '#instagood', '#outfitinspiration', '#ootd', '#outfitoftheday', '#fashiongoals', '#fashionstyle', '#fashiontrends', '#fashioninspo', '#fashionblogger', '#fashiongirls', '#fashioninspiration', '#fashionista']"
https://scontent.cdninstagram.com/v/t51.29350-15/450394278_841206534591264_3431330114828339852_n.webp?stp=dst-jpg_e35&efg=eyJ2ZW5jb2RlX3RhZyI6ImltYWdlX3VybGdlbi4xMDc5eDEzNDkuc2RyLmYyOTM1MCJ9&_nc_ht=scontent.cdninstagram.com&_nc_cat=100&_nc_ohc=8C47SMt84_0Q7kNvgE-Ek_L&edm=APs17CUBAAAA&ccb=7-5&ig_cache_key=MzQwNzgzNzMzNjQxMzMwODA3OQ%3D%3D.2-ccb7-5&oh=00_AYANzTacqdyDJnFqwkBej8CsKWW6GmtjMzU9kasLCDbOkg&oe=6694A0BC&_nc_sid=10d13b,200,dress,"['#Ankaraexclusive', '#myblackisbeautiful', '#weddingguestinspiration', '#Africanclothing', '#styleblogger', '#blackownedbusiness', '#fashiontrends', '#asoebispecial', '#asoebibellanaija', '#bestseller', '#slayqueen', '#Ankarazone', '#abujamums', '#ootd', '#melanin', '#maxidresses', '#buynigerian', '#owanbenaija', '#owambe', '#lookbook', '#lagosfashion', '#madeinnigeria', '#asoebistyles', '#trendystyles', '#lagosslayers', '#bellanaijaweddings', '#weddingdigestnaija', '#asoebispecial']"
https://scontent.cdninstagram.com/v/t51.29350-15/450534910_1453264868652613_923671811750733926_n.jpg?stp=dst-jpg_e15&efg=eyJ2ZW5jb2RlX3RhZyI6ImltYWdlX3VybGdlbi4xNzMweDMwNzYuc2RyLmYyOTM1MCJ9&_nc_ht=scontent.cdninstagram.com&_nc_cat=101&_nc_ohc=oK2IoSIlMFMQ7kNvgF_PDOB&gid=edb4c8e329d24d34ac1bbdd9d99bd5d9&edm=APs17CUBAAAA&ccb=7-5&ig_cache_key=MzQwOTA4MDc5MzM5MjA0NTc2OA%3D%3D.2-ccb7-5&oh=00_AYA467FV2oD52bGrkM49ra2R5WgNlFUpt3UXub7zYxCsDA&oe=6694B36E&_nc_sid=10d13b,138,ethnic saree,"['#genz', '#genzfashion', '#maximalism', '#maximalist', '#maximaliststyle', '#maximalistfashion', '#maximalistoutfit', '#genzoutfit', '#sareefashion', '#sareelove', '#sarees']"
https://scontent.cdninstagram.com/v/t51.29350-15/229509250_569041467428280_7037682048672076882_n.jpg?stp=dst-jpg_e35&efg=eyJ2ZW5jb2RlX3RhZyI6ImltYWdlX3VybGdlbi4xNDQweDE4MDAuc2RyLmYyOTM1MCJ9&_nc_ht=scontent.cdninstagram.com&_nc_cat=100&_nc_ohc=1dv-lEuWAdIQ7kNvgGSlahh&edm=APs17CUBAAAA&ccb=7-5&ig_cache_key=MjYzMTUxMzEzOTA3MjI4OTQ5Mw%3D%3D.2-ccb7-5&oh=00_AYBAFEI-VbJ3cGJ2V0XxMwOBLoI9ioliqgmT0lVzydv6EQ&oe=66948B41&_nc_sid=10d13b,200,dress,"['#zaradresses', '#teenfashionblogger', '#teenfashionista', '#genzoutfit', '#genzfashion', '#jaquemusdress', '#backtoschooloutfit', '#genzfashionista', '#pinterestgirls', '#aestheticdress', '#flowerfields', '#fashiongirldress', '#fashiongirlstyle']"
https://scontent.cdninstagram.com/v/t51.29350-15/450388743_490298580250428_8962145696446097260_n.jpg?stp=dst-jpg_e15&efg=eyJ2ZW5jb2RlX3RhZyI6ImltYWdlX3VybGdlbi43MjB4MTI4MC5zZHIuZjI5MzUwIn0&_nc_ht=scontent.cdninstagram.com&_nc_cat=100&_nc_ohc=XlOqxnTLEa0Q7kNvgGtt7AP&edm=APs17CUBAAAA&ccb=7-5&ig_cache_key=MzQwODY3MDMxNTYwMDIzNTQzMA%3D%3D.2-ccb7-5&oh=00_AYBolX7rUohurgkZuAYdMVO1E5_HkUIi_umY3vop_n6UWw&oe=6694A424&_nc_sid=10d13b,200,skirt top,"['#knoxvillefashion', '#knoxville', '#ltkunder50', '#ltkunder100', '#knoxvilletennessee', '#microblogger', '#over30style', '#over30fashion', '#over40style', '#midsizefashion', '#genzfashion', '#genzoutfit', '#vestoutfit']"
https://scontent.cdninstagram.com/v/t51.29350-15/405499169_1083774806128109_2434787500798695284_n.jpg?stp=dst-jpg_e15&efg=eyJ2ZW5jb2RlX3RhZyI6ImltYWdlX3VybGdlbi4xMDgweDEwODAuc2RyLmYyOTM1MCJ9&_nc_ht=scontent.cdninstagram.com&_nc_cat=105&_nc_ohc=0gxjTTlW_dwQ7kNvgGHAVoc&edm=APs17CUBAAAA&ccb=7-5&ig_cache_key=MzI0ODE1OTA1NDc1Njc4NjUwMA%3D%3D.2-ccb7-5&oh=00_AYAtNfAWp9EvaM7_sV9326m3CT3bhFTr7qEuRT5pN3iHcw&oe=6694A521&_nc_sid=10d13b,5,pant top jumpsuit,"['#OOTD', '#OOTD', '#OutfitOfTheDay', '#LetsSlangGenZ', '#GenZ', '#GenZOutfit', '#slangoftheday']"
https://scontent.cdninstagram.com/v/t51.29350-15/449082072_1926208807825357_5296329630719906286_n.webp?stp=dst-jpg_e35&efg=eyJ2ZW5jb2RlX3RhZyI6ImltYWdlX3VybGdlbi41MTJ4NTEyLnNkci5mMjkzNTAifQ&_nc_ht=scontent.cdninstagram.com&_nc_cat=101&_nc_ohc=YMyHv-s-GxAQ7kNvgENzYfj&edm=APs17CUBAAAA&ccb=7-5&ig_cache_key=MzM5OTExNzAxNzIzNTA5MzE2OQ%3D%3D.2-ccb7-5&oh=00_AYDFkT6Xa2annJ0nWkppd-hjsYWd04XsdaVv-__hrx78bQ&oe=6694B626&_nc_sid=10d13b,5,shoes,"['#syncstyle', '#syncstyle', '#sneakers', '#sneakerhead', '#shoes', '#casualstyle', '#genz', '#genzwear', '#genzoutfit', '#outfit']"
https://scontent.cdninstagram.com/v/t51.29350-15/228657353_1947611565408344_5633314935069124525_n.jpg?stp=dst-jpg_e35&efg=eyJ2ZW5jb2RlX3RhZyI6ImltYWdlX3VybGdlbi4xNDQweDE4MDAuc2RyLmYyOTM1MCJ9&_nc_ht=scontent.cdninstagram.com&_nc_cat=108&_nc_ohc=l5s_t3PU_NMQ7kNvgFy7BhC&edm=APs17CUBAAAA&ccb=7-5&ig_cache_key=MjYzMDA3ODUxNjEwMjU2NDg3OQ%3D%3D.2-ccb7-5&oh=00_AYAh_OEMNyo9Dt3UXYLI7bpbjMnTp7RpyQxh2MiavGCpag&oe=6694A594&_nc_sid=10d13b,200,skirt top,[]
https://scontent.cdninstagram.com/v/t51.29350-15/449211829_1559811621584942_7018810850739800682_n.webp?stp=dst-jpg_e35&efg=eyJ2ZW5jb2RlX3RhZyI6ImltYWdlX3VybGdlbi41MTJ4NTEyLnNkci5mMjkzNTAifQ&_nc_ht=scontent.cdninstagram.com&_nc_cat=102&_nc_ohc=K-gpgLfOK-wQ7kNvgF5En0N&gid=b3ac6e6b0052403d890f6c01bcfbf7fb&edm=APs17CUBAAAA&ccb=7-5&ig_cache_key=MzM5OTEwOTYyMzc1OTQ5NjQ4OA%3D%3D.2-ccb7-5&oh=00_AYAu0MsucuDZNpw0ydrORCh4S1BLwOHodTGupWrDHZrYpg&oe=6694B32E&_nc_sid=10d13b,6,shoes,"['#syncstyle', '#syncstyle', '#sneakers', '#sneakerhead', '#shoes', '#casualstyle', '#genz', '#genzwear', '#genzoutfit', '#outfit']"
https://scontent.cdninstagram.com/v/t51.29350-15/273634924_1087465172040754_2679829835001925852_n.webp?stp=dst-jpg_e35&efg=eyJ2ZW5jb2RlX3RhZyI6ImltYWdlX3VybGdlbi4xNDQweDE4MDAuc2RyLmYyOTM1MCJ9&_nc_ht=scontent.cdninstagram.com&_nc_cat=110&_nc_ohc=66-2i9FQg4cQ7kNvgFKPTD1&edm=APs17CUBAAAA&ccb=7-5&ig_cache_key=Mjc3MDM3NzAyNjA0Mjc0MTIzMA%3D%3D.2-ccb7-5&oh=00_AYCDzoNDuk_VHdCUfPxQwJdI4W25YS-xUuK7snNqPzgJ4w&oe=6694A1EF&_nc_sid=10d13b,394,woolen hat pant ,"['#sarojininagar', '#sarojininagaroutfit', '#genzoutfit', '#fashionstyle', '#fashioncouture', '#fashionblogger', '#streetstyle', '#selfie', '#selfportrait', '#ootd', '#explorepage', '#blazin_beauties', '#blazinfashionbabe', '#fashionoftheday', '#delhi', '#winteroutfit', '#vintageoutfit', '#delhigirls', '#fashionista', '#bloggerdelhi', '#mua']"
https://scontent.cdninstagram.com/v/t51.29350-15/449565339_841639737885619_7552102224445971634_n.jpg?se=-1&stp=dst-jpegr_e35&efg=eyJ2ZW5jb2RlX3RhZyI6ImltYWdlX3VybGdlbi4xNDQweDE4MDAuaGRyLmYyOTM1MCJ9&_nc_ht=scontent.cdninstagram.com&_nc_cat=107&_nc_ohc=hEceyHUA8cAQ7kNvgEb2e1Q&edm=APs17CUBAAAA&ccb=7-5&ig_cache_key=MzQwMjc5NDczNDI2MTExMTQ2OA%3D%3D.2-ccb7-5&oh=00_AYCvlF_sMaplJJaq_Zoi4X3dt4kBHXC8jN6Ybyhbbhpy0g&oe=6694ABC0&_nc_sid=10d13b,20,skirt top,"['#outfit', '#outfitinspo', '#summeroutfit', '#verano', '#sofiacoppola', '#genzoutfit', '#millennial', '#genz', '#indiesleaze', '#indie', '#effortlesschic', '#parisienne', '#scandi', '#minimalist', '#feminine']"
https://scontent.cdninstagram.com/v/t39.30808-6/447029411_122178511442032323_6524256535750450771_n.jpg?stp=dst-jpg_e35&efg=eyJ2ZW5jb2RlX3RhZyI6ImltYWdlX3VybGdlbi4yMDAweDIwMDAuc2RyLmYzMDgwOCJ9&_nc_ht=scontent.cdninstagram.com&_nc_cat=103&_nc_ohc=M4T4LZmZPSUQ7kNvgEqszA6&edm=APs17CUAAAAA&ccb=7-5&ig_cache_key=MzM3OTQ3NDk1OTQyMTU1NzM5MA%3D%3D.2-ccb7-5&oh=00_AYB_mlCkl3KvemlF9YwTVhojXNXOKrWiYHqwDC-V5FVphQ&oe=6694AF59&_nc_sid=10d13b,4,jeans tshirt,"['#millenials', '#GenZ', '#genzfashion', '#genzoutfit', '#genzhoodie', '#genzapparel', '#forreal', '#forrealthough', '#forrealcloths']"
https://scontent.cdninstagram.com/v/t51.29350-15/450602874_904557424769053_7616460008071496332_n.jpg?stp=dst-jpg_e15&efg=eyJ2ZW5jb2RlX3RhZyI6ImltYWdlX3VybGdlbi41NDB4OTYwLnNkci5mMjkzNTAifQ&_nc_ht=scontent.cdninstagram.com&_nc_cat=101&_nc_ohc=8j_S3DWmqm8Q7kNvgH9st2d&edm=APs17CUBAAAA&ccb=7-5&ig_cache_key=MzQwODgzMDYyMjA3NDM1MzE5MA%3D%3D.2-ccb7-5&oh=00_AYAhmx44rqrZ0JygPXzGcCrn2_YuHN1WqbKSvsFm3cAALQ&oe=6694A31E&_nc_sid=10d13b,88,dress,"['#Shrapping', '#shransition', '#shoppingonline', '#shopping', '#streetshopping', '#streetfood', '#streetsofmumbai', '#mumbaikar', '#mumbai', '#mumbaifestivals', '#mumbaistreets', '#vileparle', '#vileparlemarket', '#irlamarket', '#hillroad', '#colabacauseway', '#dresses', '#shorts', '#cargopants', '#trendingcollections', '#genzoutfit', '#outfitcollection', '#classyfreak', '#saree', '#tops', '#topsunder500']"
https://scontent.cdninstagram.com/v/t39.30808-6/450451665_10230005515554693_7007504369406883657_n.jpg?stp=c0.64.1536.1920a_cp6_dst-jpg_e35&efg=eyJ2ZW5jb2RlX3RhZyI6ImltYWdlX3VybGdlbi4xNTM2eDIwNDguc2RyLmYzMDgwOCJ9&_nc_ht=scontent.cdninstagram.com&_nc_cat=109&_nc_ohc=UQLwz_dkQNEQ7kNvgGQTrmr&edm=APs17CUAAAAA&ccb=7-5&ig_cache_key=MzQwOTAyNDkzMzU4MzU0MTU2OQ%3D%3D.2-ccb7-5&oh=00_AYClPZl0zKT5yo-BJRNq3nUeebuoRAKvYki06IlTw99bXg&oe=66948F02&_nc_sid=10d13b,200,skirt top,"['#IAmHighlyFavored', '#forevergrateful', '#genzoutfit']"
https://scontent.cdninstagram.com/v/t51.29350-15/245823220_253347766735072_2404539616990052538_n.jpg?stp=dst-jpg_e35&efg=eyJ2ZW5jb2RlX3RhZyI6ImltYWdlX3VybGdlbi42NzN4NjczLnNkci5mMjkzNTAifQ&_nc_ht=scontent.cdninstagram.com&_nc_cat=104&_nc_ohc=9qTfUyHEnHYQ7kNvgEkJMH4&gid=166c51ffd517468285002a4bd3bdb172&edm=APs17CUBAAAA&ccb=7-5&ig_cache_key=MjY4NDE0ODgyMDA4NjIyMTQxNA%3D%3D.2-ccb7-5&oh=00_AYA3qddSyZWwXIdi0Bgsv1325d8ybtTH0zVY0cVcBqklpQ&oe=66949CB3&_nc_sid=10d13b,"6,499",top pant,"['#YesStyle', '#YesStyler', '#retro', '#retroinspo', '#pink', '#meangirlsstyle', '#genz', '#genzoutfit', '#genzinspo', '#koreanfashion', '#2000', '#groovy', '#3']"
https://scontent.cdninstagram.com/v/t51.29350-15/379917545_683643673359097_8596095880179022258_n.jpg?stp=dst-jpg_e35&efg=eyJ2ZW5jb2RlX3RhZyI6ImltYWdlX3VybGdlbi4xNDQweDE4MDAuc2RyLmYyOTM1MCJ9&_nc_ht=scontent.cdninstagram.com&_nc_cat=101&_nc_ohc=KBBIhGK4VqUQ7kNvgHI0CiQ&edm=APs17CUBAAAA&ccb=7-5&ig_cache_key=MzE5NjMwNTgyMjQwOTMzOTQ0NA%3D%3D.2-ccb7-5&oh=00_AYDB3W9LKKw3_G6rUB0u_JIYBWxvuluYu8zzi7Y-r_OP9A&oe=6694B121&_nc_sid=10d13b,698,dress,"['#genzstyle', '#genz', '#genzinspiration', '#genzoutfit', '#outfitlook', '#outﬁtinspo', '#outfitvideos', '#explorepage', '#styleinspodaily', '#fyp', '#outfitreels', '#instastyles', '#fashionvids', '#stylevideos', '#outfitinspodaily', '#tshirtstyle', '#outfitsfrr', '#outfitshot', '#fashiontherapy', '#sesbeauty', '#playingdressup', '#genzfashion', '#fashionposts', '#stylingvideos', '#cardiganstyle', '#bagguetebag', '#fashionstylereels', '#instadailyvideo']"
https://scontent.cdninstagram.com/v/t51.29350-15/436574628_1085091012552976_2988802229580238436_n.jpg?stp=dst-jpg_e35&efg=eyJ2ZW5jb2RlX3RhZyI6ImltYWdlX3VybGdlbi4xNDQweDE4MDAuc2RyLmYyOTM1MCJ9&_nc_ht=scontent.cdninstagram.com&_nc_cat=104&_nc_ohc=Sm13i2BUFH4Q7kNvgGV6sQU&edm=APs17CUBAAAA&ccb=7-5&ig_cache_key=MzM2OTg3ODAwMjQ0NTc1NDkxOA%3D%3D.2-ccb7-5&oh=00_AYBRRG_F7V9Mej9fItgmOB_nnI8Y4ecbRQScatiV7Fy4-Q&oe=6694A6D5&_nc_sid=10d13b,23,top jeans,"['#ootd', '#outfitoftheday', '#genzoutfit', '#outfits', '#outfitinspiration', '#streetstyle', '#streetfashion', '#fashionlover', '#fashionblogger', '#fashionstyle', '#ootdfashion', '#portraitphotography', '#inspiration', '#fashioninspo']"
https://scontent.cdninstagram.com/v/t51.29350-15/448391666_433063792972031_6912698625656339721_n.webp?stp=dst-jpg_e35&efg=eyJ2ZW5jb2RlX3RhZyI6ImltYWdlX3VybGdlbi4xMDgweDEzNTAuc2RyLmYyOTM1MCJ9&_nc_ht=scontent.cdninstagram.com&_nc_cat=111&_nc_ohc=amaQVXf2q5MQ7kNvgHZf-mm&edm=APs17CUBAAAA&ccb=7-5&ig_cache_key=MzM5NjExNzM3MDk5NTQzMzk2Ng%3D%3D.2-ccb7-5&oh=00_AYC9AW45CQJXFv9Q37JUOicuDQ3LrRlHE2iDkhzXwK7u4g&oe=6694B0E8&_nc_sid=10d13b,200,skirt top,[]
https://scontent.cdninstagram.com/v/t51.29350-15/277243259_1142690386581771_2223457256355557110_n.jpg?stp=dst-jpg_e35&efg=eyJ2ZW5jb2RlX3RhZyI6ImltYWdlX3VybGdlbi4xNDQweDE4MDAuc2RyLmYyOTM1MCJ9&_nc_ht=scontent.cdninstagram.com&_nc_cat=103&_nc_ohc=fFfW0E0EGmsQ7kNvgG2R1uG&edm=APs17CUBAAAA&ccb=7-5&ig_cache_key=MjgwMzk2MjEzMTY0MzI0MDYxNQ%3D%3D.2-ccb7-5&oh=00_AYAqoWRt_20wgzIIAG4oM9gHMqCbawPSPlK5b8WgJf0lgw&oe=6694A776&_nc_sid=10d13b,200,top pant,"['#bloom', '#spring', '#redpants', '#beigetop', '#lifestyleblogger', '#chandigarhblogger', '#chandigarhbloggers', '#trending', '#outfitontrend', '#happiness', '#springday', '#springfashion', '#genz', '#genzoutfit', '#redpantsuit', '#leaves', '#bloom', '#explore', '#ootd']"
https://scontent.cdninstagram.com/v/t51.29350-15/450739323_998805061543214_3044561275911626851_n.jpg?stp=dst-jpg_e35&efg=eyJ2ZW5jb2RlX3RhZyI6ImltYWdlX3VybGdlbi4xNDQweDE4MDAuc2RyLmYyOTM1MCJ9&_nc_ht=scontent.cdninstagram.com&_nc_cat=102&_nc_ohc=AliE7d99DEwQ7kNvgGxXQ55&edm=APs17CUBAAAA&ccb=7-5&ig_cache_key=MzQwOTE2Mjg5NzU4ODUwMDMyOQ%3D%3D.2-ccb7-5&oh=00_AYDhKBlnMzQWQwfVz4Wshcgwj9StrhHJOTkcuGT430ss_Q&oe=6694BE3D&_nc_sid=10d13b,200,pant shirt,"['#menstyle', '#style', '#menwearstyle', '#menwearstreetstyle', '#outfitstyle', '#menfashionstyle', '#style', '#menfashion', '#minimalstyle', '#minimal', '#outdmen', '#outfitinspo', '#classystreetwear', '#pauseonline', '#pauseshots', '#kaasvision', '#ncgallery', '#blocdivoire', '#fitspalace', '#minimalhouse1', '#menwithstreetstyle', '#love']"
https://scontent.cdninstagram.com/v/t51.29350-15/450294088_1524911175107387_4111781830276510754_n.jpg?stp=dst-jpg_e35&efg=eyJ2ZW5jb2RlX3RhZyI6ImltYWdlX3VybGdlbi4xNDQweDE0NDAuc2RyLmYyOTM1MCJ9&_nc_ht=scontent.cdninstagram.com&_nc_cat=111&_nc_ohc=1ktSv9X0ZEoQ7kNvgGeHW8C&gid=752752325fdc45c5ace46c85f94abc25&edm=APs17CUBAAAA&ccb=7-5&ig_cache_key=MzQwNjE0MjMzODIxNTI3MDQ4Ng%3D%3D.2-ccb7-5&oh=00_AYC5nA-W5cdYNJ8TrzDVF0udpukawxS-_okP6o8LTcvTMQ&oe=6694ABE6&_nc_sid=10d13b,635,tshirt pant,"['#tシャツ', '#tshirt', '#フェローズ', '#pherrows', '#ミリタリーパンツ', '#カーゴパンツ', '#militarypants', '#バズリクソンズ', '#buzzricksons', '#レッドウイング', '#redwing', '#アメカジ', '#アメカジコーデ', '#アメカジスタイル', '#ミリタリースタイル', '#ショーツコーデ', '#短パン', '#amekaji', '#americancasual', '#japanesedenim', '#mensfashion', '#menwearstyle', '#吉祥寺', '#kichijoji', '#kichijyoji', '#otekichijyoji', '#ote吉祥寺']"
https://scontent.cdninstagram.com/v/t51.29350-15/450340325_7800071206776140_3993510701127012771_n.webp?stp=dst-jpg_e35&efg=eyJ2ZW5jb2RlX3RhZyI6ImltYWdlX3VybGdlbi44NjR4MTA4MC5zZHIuZjI5MzUwIn0&_nc_ht=scontent.cdninstagram.com&_nc_cat=108&_nc_ohc=7Y9dPkqMju0Q7kNvgE11gma&edm=APs17CUBAAAA&ccb=7-5&ig_cache_key=MzQwNjM4MjY0NzIxMjA0NzM1OA%3D%3D.2-ccb7-5&oh=00_AYAqYDOO-X2GrHiYpfZHxrZxKjH8WbIMoy2j2mRUlLNa1w&oe=6694A07D&_nc_sid=10d13b,38,shirt  ,"['#foryou', '#foryoupage', '#menwear', '#menwearfashion', '#menweardaily', '#menwearstyle', '#menwearcasual', '#casualwear', '#casualwearfashion', '#casualoutfitsdaily']"
https://scontent.cdninstagram.com/v/t51.29350-15/397137476_222786647351954_5973442896603507273_n.jpg?stp=dst-jpg_e35&efg=eyJ2ZW5jb2RlX3RhZyI6ImltYWdlX3VybGdlbi4xNDQweDE0NDAuc2RyLmYyOTM1MCJ9&_nc_ht=scontent.cdninstagram.com&_nc_cat=102&_nc_ohc=UnecnbfNU2QQ7kNvgFJfcN0&edm=APs17CUBAAAA&ccb=7-5&ig_cache_key=MzIyNDk0NTEyODMzODQ5NTE5OA%3D%3D.2-ccb7-5&oh=00_AYCqb2fr0NuAfbBkuwyQicYZ36kZfWxbihhWf-jHn2prpQ&oe=6694942C&_nc_sid=10d13b,797,tshirt pant,"['#スウェット', '#sweatshirt', '#フェローズ', '#pherrows', '#ミリタリーパンツ', '#militarypants', '#カーゴパンツ', '#cargopants', '#コリンボ', '#colimbo', '#vintagestyle', '#アメカジ', '#アメカジコーデ', '#アメカジスタイル', '#ミリタリースタイル', '#ミリタリーコーデ', '#カーゴパンツコーデ', '#amekaji', '#americancasual', '#japanesedenim', '#mensfashion', '#menwearstyle', '#吉祥寺', '#kichijoji']"
https://scontent.cdninstagram.com/v/t51.29350-15/151159314_333044731375082_3045810440250322684_n.jpg?stp=dst-jpg_e35&efg=eyJ2ZW5jb2RlX3RhZyI6ImltYWdlX3VybGdlbi4xNDQweDE4MDAuc2RyLmYyOTM1MCJ9&_nc_ht=scontent.cdninstagram.com&_nc_cat=102&_nc_ohc=QI6ZvbEDTd8Q7kNvgEdBam4&edm=APs17CUBAAAA&ccb=7-5&ig_cache_key=MjUxMDQyOTcwMTM3NjI3NDI5NQ%3D%3D.2-ccb7-5&oh=00_AYBTMWEYYMfViJQMVxOuMK3frUKlmP-u-Hr6wT3oRAo1Ug&oe=6694C5E3&_nc_sid=10d13b,"1,076",shirt pant,"['#corduroysuit', '#preppystyle', '#ivyleague', '#smartcasual', '#corduroystyle', '#dapper', '#welldressedmen', '#menofstyle', '#igfashion', '#mensfashion', '#menwearstyle', '#gentleman', '#britishstyle', '#ralphlauren', '#classicstyle']"
https://scontent.cdninstagram.com/v/t51.29350-15/449699503_436875622593203_5022578840686429131_n.jpg?stp=dst-jpg_e35&efg=eyJ2ZW5jb2RlX3RhZyI6ImltYWdlX3VybGdlbi4xNDQweDE0NDAuc2RyLmYyOTM1MCJ9&_nc_ht=scontent.cdninstagram.com&_nc_cat=111&_nc_ohc=tUTkTHO0am0Q7kNvgFqA7jn&edm=APs17CUBAAAA&ccb=7-5&ig_cache_key=MzQwMzM2NDk5NTkyNjczNTk1NA%3D%3D.2-ccb7-5&oh=00_AYBTv5Liy6T0suXvt5hpU5Y5oXZGaKXGm1Zk8TIotOxmgQ&oe=66949084&_nc_sid=10d13b,200,shirt pant,"['#menstyle', '#style', '#menwearstyle', '#menwearstreetstyle', '#outfitstyle', '#menfashionstyle', '#style', '#menfashion', '#minimalstyle', '#minimal', '#outdmen', '#outfitinspo', '#creamyoutfit', '#classystreetwear', '#pauseonline', '#pauseshots', '#kaasvision', '#ncgallery', '#blocdivoire', '#fitspalace', '#minimalhouse1', '#menwithstreetstyle', '#love']"
https://scontent.cdninstagram.com/v/t51.29350-15/450344715_8511609915535301_5079449741984303332_n.jpg?stp=dst-jpg_e35&efg=eyJ2ZW5jb2RlX3RhZyI6ImltYWdlX3VybGdlbi4xMjYxeDE0MTQuc2RyLmYyOTM1MCJ9&_nc_ht=scontent.cdninstagram.com&_nc_cat=105&_nc_ohc=7pwLvxR8RXoQ7kNvgHmGrAb&edm=APs17CUBAAAA&ccb=7-5&ig_cache_key=MzQwNjc0MTA3ODg1MDcwMDEzMg%3D%3D.2-ccb7-5&oh=00_AYBvbpxkesvawe_I-UFFYo2YT4PceUktRQviPqO3NX0afg&oe=66949E70&_nc_sid=10d13b,33,jeans shirt,"['#queerfashion', '#ootd', '#gayfashionista', '#androgyn', '#homofil', '#gayandproud', '#twinks', '#fashioninspo', '#gaytwink', '#styleinspo', '#androgynous', '#feminineboy', '#gayboi', '#style', '#gayfashion', '#menstyle', '#queer', '#menwearstyle', '#summerfashion', '#blondgay', '#lgbtqfashion', '#fashioninspo', '#gay', '#stylishlook', '#lgbtqcommunity', '#lgbtq', '#feminineboys', '#gaysummer', '#twinksofinstagram']"
https://scontent.cdninstagram.com/v/t51.29350-15/448111288_985335186576050_8049657250139053419_n.jpg?stp=dst-jpg_e35&efg=eyJ2ZW5jb2RlX3RhZyI6ImltYWdlX3VybGdlbi4xNDQweDE0Mzkuc2RyLmYyOTM1MCJ9&_nc_ht=scontent.cdninstagram.com&_nc_cat=102&_nc_ohc=35F18hXvKnYQ7kNvgHJgPka&edm=APs17CUBAAAA&ccb=7-5&ig_cache_key=MzM4ODE0MjI1MzY4MTk1Mjc3NQ%3D%3D.2-ccb7-5&oh=00_AYALAfbYguPc6zemLzQH-ott1YuFVgfPsxkhS65CrEF8fA&oe=6694C406&_nc_sid=10d13b,200,pant shirt,"['#menstyle', '#style', '#menwearstyle', '#menwearstreetstyle', '#outfitstyle', '#menfashionstyle', '#style', '#menfashion', '#minimalstyle', '#minimal', '#outdmen', '#outfitinspo', '#classystreetwear', '#pauseonline', '#pauseshots', '#kaasvision', '#ncgallery', '#blocdivoire', '#fitspalace', '#minimalhouse1', '#menwithstreetstyle', '#love']"
https://scontent.cdninstagram.com/v/t51.29350-15/432758053_1127725555313004_8498837752403349807_n.jpg?stp=dst-jpg_e15&efg=eyJ2ZW5jb2RlX3RhZyI6ImltYWdlX3VybGdlbi4xMjA0eDIxNDAuc2RyLmYyOTM1MCJ9&_nc_ht=scontent.cdninstagram.com&_nc_cat=100&_nc_ohc=bCYiHxSLb6kQ7kNvgHvak6-&edm=APs17CUBAAAA&ccb=7-5&ig_cache_key=MzMxNTc0MjAyNjY5MDA3MjAxMDExNjY2MjI2ODc2NjY1MzI%3D.2-ccb7-5&oh=00_AYC8iLUKOd5rL06riPUlYIXEkAYPTMz8zkC_vD0N83MW5g&oe=66948E39&_nc_sid=10d13b,200,jeans,"['#streetwearstyle', '#menwear', '#styleblogger', '#menststyles', '#stylists', '#outfitofthedays', '#اوتفيت', '#menwearstyle', '#outfitoftheday']"
https://scontent.cdninstagram.com/v/t51.29350-15/163551089_1587497694789682_6802521553331166274_n.jpg?stp=dst-jpg_e35&efg=eyJ2ZW5jb2RlX3RhZyI6ImltYWdlX3VybGdlbi4xNDQweDE3OTQuc2RyLmYyOTM1MCJ9&_nc_ht=scontent.cdninstagram.com&_nc_cat=110&_nc_ohc=ZEL6XhZWbKkQ7kNvgEiLzMJ&edm=APs17CUBAAAA&ccb=7-5&ig_cache_key=MjUzNjU5NDU0MDc2ODIxOTQ4Nw%3D%3D.2-ccb7-5&oh=00_AYCcXbUyFCE2isbYjvTEC4pObCCebEQ-U5T4N9lrQIQACw&oe=6694AE70&_nc_sid=10d13b,"5,500",tshirt pant,"['#asos', '#asosdesign', '#vest', '#vests', '#summeroutfitideas', '#summervibes', '#summer2021', '#holidayoutfit', '#holidayvibes', '#summerstyle', '#summertime', '#menwithtattoos', '#menwithstreetstyle', '#styletips', '#styleformen', '#leedsbloggers', '#leedsblogger', '#menwearstyle', '#menswearblogger', '#todaysoutfit', '#howisummer', '#myoutfittoday', '#pinkaesthetic', '#pinktomaketheboyswink', '#instagay', '#gaymen', '#gayuk', '#holidaystyle', '#sliders', '#styleconfidence']"
https://scontent.cdninstagram.com/v/t51.29350-15/448611914_480327597826270_1588522069617869922_n.webp?stp=dst-jpg_e35&efg=eyJ2ZW5jb2RlX3RhZyI6ImltYWdlX3VybGdlbi4xNDQweDE0NDAuc2RyLmYyOTM1MCJ9&_nc_ht=scontent.cdninstagram.com&_nc_cat=110&_nc_ohc=zXNCKnFa4DMQ7kNvgFogjBG&edm=APs17CUBAAAA&ccb=7-5&ig_cache_key=MzM5Mzc0NDg1NDU0MDY4NDY5NQ%3D%3D.2-ccb7-5&oh=00_AYCL7eNGx93u2nPzoYTJ4OBuzP_3sdqVTJotie--kOcGrg&oe=6694C439&_nc_sid=10d13b,3,ethnic kurta,"['#bestquality', '#chitralicap', '#coats', '#shawls', '#menwearstyle', '#shaffer', '#chitrali', '#shaffer', '#winter', '#2024collection']"
https://scontent.cdninstagram.com/v/t51.29350-15/306934128_129880366465581_8827713088577877097_n.jpg?stp=dst-jpg_e35&efg=eyJ2ZW5jb2RlX3RhZyI6ImltYWdlX3VybGdlbi4xNDQweDE3OTkuc2RyLmYyOTM1MCJ9&_nc_ht=scontent.cdninstagram.com&_nc_cat=109&_nc_ohc=uxmmi1ZPaSoQ7kNvgFer_he&edm=APs17CUBAAAA&ccb=7-5&ig_cache_key=MjkyNjYxNTM2ODc3NjczODc4Nw%3D%3D.2-ccb7-5&oh=00_AYDI1wahRDthxEjUEnBPEKzJpEnNodHg1AFkpisF4duv8Q&oe=6694B5D1&_nc_sid=10d13b,"1,464",jeans,"['#mangacaveada', '#roupadetreino', '#roupadesportiva', '#roupadesportivamasculina', '#sapatinhas', '#calçadobranco', '#sportiveman', '#casualmenswear', '#casualmenstyle', '#casualmensfashion', '#casualmensstyle', '#menwearfashion', '#menwearstyle', '#sportivement', '#desportivo', '#paraviralizar', '#nãoexistem', '#vaiviralizar', '#melhore', '#seuzéruela', '#earetenção']"
https://scontent.cdninstagram.com/v/t51.29350-15/243760820_4756893320997249_5698607892156331457_n.webp?stp=dst-jpg_e35&efg=eyJ2ZW5jb2RlX3RhZyI6ImltYWdlX3VybGdlbi4xMDgweDEzNTAuc2RyLmYyOTM1MCJ9&_nc_ht=scontent.cdninstagram.com&_nc_cat=109&_nc_ohc=033Hk9UeBOgQ7kNvgGZdrhM&gid=20f04e437b9945ee8aa8f8bf92ed9f9a&edm=APs17CUBAAAA&ccb=7-5&ig_cache_key=MjY3NDc3NDk2NjkzMzg1MzQ1Nw%3D%3D.2-ccb7-5&oh=00_AYCCzcwN80jO9OH9owqTY5lpF2TV0kmwngXyKegnqsNTgw&oe=6694C185&_nc_sid=10d13b,634,jeans ,"['#menstreetstylemag', '#mensfashionbloggers', '#menwearstyle', '#menswag', '#formalsuits', '#menstreetfashion', '#menswardrobe', '#outfitgarids', '#menstylepage', '#streetstyleguide', '#gentstyle', '#menwithstreetwear', '#guyfashion', '#bestofmenstyle', '#dapperoutfits', '#mensfashionblogger', '#mensoutfit', '#menwithstreetstyle', '#mensfashionweek']"
https://scontent.cdninstagram.com/v/t39.30808-6/450410399_18331450717192444_8502096611467183657_n.jpg?stp=dst-jpg_e35&efg=eyJ2ZW5jb2RlX3RhZyI6ImltYWdlX3VybGdlbi45NDJ4OTQzLnNkci5mMzA4MDgifQ&_nc_ht=scontent.cdninstagram.com&_nc_cat=104&_nc_ohc=D_WCFbVQ6PEQ7kNvgFemaG4&edm=APs17CUAAAAA&ccb=7-5&ig_cache_key=MzQwOTE4MDUxMTE5ODg3MzkwNA%3D%3D.2-ccb7-5&oh=00_AYDltqzOGYP4FH6p1JnmYkZi5MzmOTXm0uPBMV45PvWViw&oe=6694B7AB&_nc_sid=10d13b,"7,929",shoes,"['#menstyle', '#menfashion', '#mensstyle', '#menwithstreetstyle', '#menstylefashion', '#menwears', '#menwearfashion', '#menweardaily', '#menwearstyle', '#fashionmens', '#modelmens', '#modelmen', '#stylemens', '#menstylist', '#menstyling', '#menfashioner', '#menfashiontips', '#menstylefashion']"
https://scontent.cdninstagram.com/v/t51.29350-15/356016414_594743876153447_9134936727274948461_n.jpg?stp=dst-jpg_e35&efg=eyJ2ZW5jb2RlX3RhZyI6ImltYWdlX3VybGdlbi4xNDQweDE4MDAuc2RyLmYyOTM1MCJ9&_nc_ht=scontent.cdninstagram.com&_nc_cat=111&_nc_ohc=_IAG8uwvCoQQ7kNvgFhkMgG&gid=e9604226afec4843b20fa58654e57560&edm=APs17CUBAAAA&ccb=7-5&ig_cache_key=MzEzMzgwOTQxNjcwODY2NDA4NA%3D%3D.2-ccb7-5&oh=00_AYDqrjTRNb7ytgKuF0NR-pSNBc7pzv_iUnHRddj1kg6WbA&oe=6694B293&_nc_sid=10d13b,697,jeans shirt,"['#menstyle', '#menfashion', '#summervibes', '#menmodel', '#casualstyle', '#fashionstyle', '#menwithstyle', '#menwearstyle', '#styleinspo', '#stylefashion', '#stylediary', '#explore', '#styletips', '#persian', '#mensoutfit', '#outfit', '#style', '#styleinspo', '#selfie', '#ootdfashion', '#ootd', '#palmtree', '#modeling', '#northofiran', '#persianmodel', '#menwearstyle', '#menfashionstyle', '#vibes']"
https://scontent.cdninstagram.com/v/t51.29350-15/449851162_825544702573361_520151817895116396_n.webp?stp=dst-jpg_e35&efg=eyJ2ZW5jb2RlX3RhZyI6ImltYWdlX3VybGdlbi45NTJ4OTUyLnNkci5mMjkzNTAifQ&_nc_ht=scontent.cdninstagram.com&_nc_cat=105&_nc_ohc=JyGNIanZdMkQ7kNvgHi_-U6&edm=APs17CUBAAAA&ccb=7-5&ig_cache_key=MzQwNzgwOTIxODE4NjA4NTkwOQ%3D%3D.2-ccb7-5&oh=00_AYC3LI60VTSHvdi_dkhP9hoUH9ckf0kljCe0haR6lsTInw&oe=6694B902&_nc_sid=10d13b,200,tshirt  ,"['#clothing', '#clothes', '#mensfashion', '#outfits', '#apparel', '#menwearstyle', '#outing', '#guy', '#instaphoto', '#instalike']"
https://scontent.cdninstagram.com/v/t51.29350-15/242338773_935182083741986_5468835988830173653_n.jpg?stp=dst-jpg_e35&efg=eyJ2ZW5jb2RlX3RhZyI6ImltYWdlX3VybGdlbi4xMDgweDEzNTAuc2RyLmYyOTM1MCJ9&_nc_ht=scontent.cdninstagram.com&_nc_cat=102&_nc_ohc=KL6daSuGw0UQ7kNvgGDcnZO&gid=755202532eb841afbb705298cc18e435&edm=APs17CUBAAAA&ccb=7-5&ig_cache_key=MjY2NzUzNjMxNjk0MDE3NzUyNQ%3D%3D.2-ccb7-5&oh=00_AYDWHZTiGiQQd2TIJFgaRJk8VBLXhGOYInYXHceANBrgpw&oe=6694A8DD&_nc_sid=10d13b,539,jeans shirt overcoat,"['#menstreetstylemag', '#mensfashionbloggers', '#menwearstyle', '#menswag', '#formalsuits', '#menstreetfashion', '#menswardrobe', '#outfitgarids', '#menstylepage', '#streetstyleguide', '#gentstyle', '#menwithstreetwear', '#guyfashion', '#bestofmenstyle', '#dapperoutfits', '#mensfashionblogger', '#mensoutfit', '#menwithstreetstyle', '#mensfashionweek']"
https://scontent.cdninstagram.com/v/t51.29350-15/449783721_3667694100134863_8269281175196820619_n.webp?stp=dst-jpg_e35&efg=eyJ2ZW5jb2RlX3RhZyI6ImltYWdlX3VybGdlbi4xMDgweDEwODAuc2RyLmYyOTM1MCJ9&_nc_ht=scontent.cdninstagram.com&_nc_cat=107&_nc_ohc=9wTLVqPGKBwQ7kNvgEWlsGR&edm=APs17CUBAAAA&ccb=7-5&ig_cache_key=MzQwNTcwMjc5NTc5ODUxNzk4OA%3D%3D.2-ccb7-5&oh=00_AYBB7U_F1pcktMVg5l_SXm-QJNgkuoe_c5NUUYNXHHGlYw&oe=66949962&_nc_sid=10d13b,70,shirt,"['#foryou', '#foryoupage', '#menwear', '#menwearfashion', '#menweardaily', '#menwearstyle', '#menwearcasual', '#casualwear', '#casualwearfashion', '#casualoutfitsdaily']"
https://scontent.cdninstagram.com/v/t51.29350-15/241516277_214120974074153_3145030228229894447_n.jpg?stp=dst-jpg_e35&efg=eyJ2ZW5jb2RlX3RhZyI6ImltYWdlX3VybGdlbi4xMDgweDEzNTAuc2RyLmYyOTM1MCJ9&_nc_ht=scontent.cdninstagram.com&_nc_cat=105&_nc_ohc=7KWXECyda-gQ7kNvgHy7HKL&edm=APs17CUBAAAA&ccb=7-5&ig_cache_key=MjY1OTAxMjAyMzU3NDY0MTM2MQ%3D%3D.2-ccb7-5&oh=00_AYDXGZd35Vk_FqzKV47mN6S9EdGn78ZUhM9hJfre87WPmA&oe=6694ACC5&_nc_sid=10d13b,360,jeans overcoat,"['#mensgentstyle', '#malestreetwear', '#formalsuits', '#menwearstyle', '#menstreetstylemag', '#mensstreetwearfashion', '#mensfashionbloggers', '#mensfashiontrends', '#classydapper', '#classymen', '#menoutfits', '#autumnoutfit', '#hmmen', '#menwearhouse', '#zaraoriginal', '#ootdmens', '#menswear', '#menwithstreetstyle', '#gentleman', '#styleformen']"
https://scontent.cdninstagram.com/v/t51.29350-15/252199216_217829630421592_1743659018382303158_n.jpg?stp=dst-jpg_e35&efg=eyJ2ZW5jb2RlX3RhZyI6ImltYWdlX3VybGdlbi4xMDk5eDEwOTkuc2RyLmYyOTM1MCJ9&_nc_ht=scontent.cdninstagram.com&_nc_cat=104&_nc_ohc=OvaP6A9091YQ7kNvgG7wFlM&edm=APs17CUBAAAA&ccb=7-5&ig_cache_key=MjY5NzkyMDY2MjMzNTUxNzMwNw%3D%3D.2-ccb7-5&oh=00_AYDuDK0-9fsPw-oLjeeSyH37qE_wG8ezCQxq2noTA_zqnw&oe=66949C96&_nc_sid=10d13b,628,overcoat,"['#menfashion', '#menfashionstyle', '#fashion', '#fashioneditorial', '#photographer', '#fw21', '#menfashion', '#menstyle', '#mensfashion', '#fw21menswearcollection', '#trendsformen', '#trendsformens', '#exclusivemenswear', '#exclusivemen', '#photoshoot', '#photoshooting', '#menexclusive', '#menwearstyle', '#menwearfashion']"
https://scontent.cdninstagram.com/v/t51.29350-15/240872156_360891879043374_7515817196804352270_n.jpg?stp=dst-jpg_e35&efg=eyJ2ZW5jb2RlX3RhZyI6ImltYWdlX3VybGdlbi4xMDgweDEzNTAuc2RyLmYyOTM1MCJ9&_nc_ht=scontent.cdninstagram.com&_nc_cat=106&_nc_ohc=Qt75CN1d6HIQ7kNvgFrG1Tm&edm=APs17CUBAAAA&ccb=7-5&ig_cache_key=MjY1MTU4NTMxNjYwOTk2OTk0NA%3D%3D.2-ccb7-5&oh=00_AYBPchBtmIF7cuLqmqfWJwIRO2QhqTm1wrcIaJAC3VFW5w&oe=6694C573&_nc_sid=10d13b,333,shirt pant,"['#formalsuits', '#menfashiondaily', '#mensfashionbloggers', '#mensstyletips', '#menwearstyle', '#manstreetstyle', '#menswearclass', '#menwithclass', '#streetfashionmen', '#menstreetfashion', '#menswardrobe']"
https://scontent.cdninstagram.com/v/t51.29350-15/450643791_3917551731809144_418195459765411135_n.jpg?stp=dst-jpg_e35&efg=eyJ2ZW5jb2RlX3RhZyI6ImltYWdlX3VybGdlbi4xNDQweDE3OTkuc2RyLmYyOTM1MCJ9&_nc_ht=scontent.cdninstagram.com&_nc_cat=108&_nc_ohc=26uIIoCLk-sQ7kNvgGF8TPG&edm=APs17CUBAAAA&ccb=7-5&ig_cache_key=MzQwOTE4NTkyMDYyNjM3NjE2NA%3D%3D.2-ccb7-5&oh=00_AYC4-PbMdqN2xKobC-9mK4DYuJIzaxKzpnsYCmxpmF3P3Q&oe=66949296&_nc_sid=10d13b,344,dress,"['#ootd', '#outfit', '#inspo', '#vichydress', '#sezaneparis']"
https://scontent.cdninstagram.com/v/t51.29350-15/450608807_1018461399929814_5942579105288905168_n.jpg?stp=dst-jpg_e15&efg=eyJ2ZW5jb2RlX3RhZyI6ImltYWdlX3VybGdlbi4xNzQweDMwODguc2RyLmYyOTM1MCJ9&_nc_ht=scontent.cdninstagram.com&_nc_cat=106&_nc_ohc=t55MSaBxkS4Q7kNvgHAMJqJ&edm=APs17CUBAAAA&ccb=7-5&ig_cache_key=MzQwODQyMjUxNzYyODgxNTQxMA%3D%3D.2-ccb7-5&oh=00_AYBXBS-6-iVZ1sWlejVjm5AL7HAgGzG_O-SbBZCzrlWS2g&oe=6694963B&_nc_sid=10d13b,"1,231",dress,"['#zara', '#zarahaul', '#haul', '#zaraoutfit', '#zaranewin', '#zarafashion', '#zaradaily', '#zarawoman', '#zaradress', '#fashionreels', '#summeroutfit', '#styleblogger', '#fashionblogger', '#styleinspiration', '#outfitideas', '#ootd', '#ootdfashion', '#monstyle', '#neutralstyle', '#summeroutfits', '#aesthetic', '#grwm', '#casualchicstyle', '#rebel_elena']"
https://scontent.cdninstagram.com/v/t39.30808-6/450542794_18452388802060089_708344189144072533_n.jpg?stp=dst-jpg_e35&efg=eyJ2ZW5jb2RlX3RhZyI6ImltYWdlX3VybGdlbi4xMzUweDE2ODcuc2RyLmYzMDgwOCJ9&_nc_ht=scontent.cdninstagram.com&_nc_cat=109&_nc_ohc=X3fanhIVZVYQ7kNvgGBdbHr&edm=APs17CUAAAAA&ccb=7-5&ig_cache_key=MzQwOTA5NjQxODI5NDY5MzIyNQ%3D%3D.2-ccb7-5&oh=00_AYCYJXtEjq7x1rzkt7xYTY5vKYDPU_1Qb-qW434jKVytjQ&oe=66949B6C&_nc_sid=10d13b,"1,800",skirt overcoat,"['#tibi', '#cos', '#OOTD']"
https://scontent.cdninstagram.com/v/t51.29350-15/450499724_1566282940897386_8276867697902044028_n.jpg?stp=dst-jpg_e35&efg=eyJ2ZW5jb2RlX3RhZyI6ImltYWdlX3VybGdlbi4xNDQweDE4MDAuc2RyLmYyOTM1MCJ9&_nc_ht=scontent.cdninstagram.com&_nc_cat=106&_nc_ohc=Wy8iP9crMh4Q7kNvgHhyqzM&edm=APs17CUBAAAA&ccb=7-5&ig_cache_key=MzQwODg2NjkyNjEyMzM5NjI4Mg%3D%3D.2-ccb7-5&oh=00_AYBziqoruR5VeM3HYIZkzencWXLGiUpVXLXv8V0OBGp3VA&oe=66947DA9&_nc_sid=10d13b,200,skirt top,[]
https://scontent.cdninstagram.com/v/t51.29350-15/448412328_8165338906844853_6611896434199927308_n.jpg?stp=dst-jpg_e35&efg=eyJ2ZW5jb2RlX3RhZyI6ImltYWdlX3VybGdlbi4xNDQweDE3OTUuc2RyLmYyOTM1MCJ9&_nc_ht=scontent.cdninstagram.com&_nc_cat=109&_nc_ohc=suDCYhy0Zi8Q7kNvgG4uLot&edm=APs17CUBAAAA&ccb=7-5&ig_cache_key=MzQwOTE2NTAzOTQ4NDM1MjI5NQ%3D%3D.2-ccb7-5&oh=00_AYCjn2VyFNQntScrRq_Y0DIGnFErg5qWM2NA6POR7OwVNA&oe=6694974D&_nc_sid=10d13b,451,dress,"['#eurosummer', '#summeroutfit', '#ootd', '#ootdfashion', '#pinterest', '#pinterestaesthetic', '#pinterestgirl']"
https://scontent.cdninstagram.com/v/t39.30808-6/450645526_18439684159019082_7831203336748557556_n.jpg?stp=dst-jpg_e35&efg=eyJ2ZW5jb2RlX3RhZyI6ImltYWdlX3VybGdlbi4xNDQweDE3OTkuc2RyLmYzMDgwOCJ9&_nc_ht=scontent.cdninstagram.com&_nc_cat=106&_nc_ohc=LUh4CyzomE4Q7kNvgHWgZSs&edm=APs17CUAAAAA&ccb=7-5&ig_cache_key=MzQwOTAwMDM2ODI5MzIzNzYwMw%3D%3D.2-ccb7-5&oh=00_AYC_8OTk_CPpkknV3VxFqUx_wDLPe1BjXyeLbD5OpsXeCw&oe=6694AB53&_nc_sid=10d13b,200,top,"['#fashion', '#ootd', '#outfit', '#instafashion', '#instagood', '#海外ファッション', '#海外コーデ', '#トレンド', '#トレンドコーデ', '#大人カジュアル', '#大人コーデ', '#スタイルアップコーデ', '#30代ファッション', '#30代コーデ', '#30代', '#今日のコーデ', '#カジュアル', '#大人ファッション', '#大人ショート', '#大人カジュアルコーデ', '#ショートヘア', '#大人シンプル', '#大人ファッション', '#WONEM', '#新作アイテム', '#デニムパンツ', '#ベアトップ']"
https://scontent.cdninstagram.com/v/t51.29350-15/450383361_1390743438261325_3271494857985210600_n.jpg?stp=dst-jpg_e35&efg=eyJ2ZW5jb2RlX3RhZyI6ImltYWdlX3VybGdlbi4xNDQweDE4MDAuc2RyLmYyOTM1MCJ9&_nc_ht=scontent.cdninstagram.com&_nc_cat=101&_nc_ohc=he6JvFt46GEQ7kNvgG5fIaZ&edm=APs17CUBAAAA&ccb=7-5&ig_cache_key=MzQwOTE2NDY3MTgwNDUyNTA4Mw%3D%3D.2-ccb7-5&oh=00_AYA-HztkWorVmkvx-qRYcNqtpqu18eKXLAI_o1uHPp0ebA&oe=66948CD8&_nc_sid=10d13b,313,dress,[]
https://scontent.cdninstagram.com/v/t51.29350-15/450805363_835295105214189_149384024900550628_n.jpg?stp=dst-jpg_e35&efg=eyJ2ZW5jb2RlX3RhZyI6ImltYWdlX3VybGdlbi4xMTI1eDE0MDYuc2RyLmYyOTM1MCJ9&_nc_ht=scontent.cdninstagram.com&_nc_cat=109&_nc_ohc=FpMddAAucdsQ7kNvgFnIopT&edm=APs17CUBAAAA&ccb=7-5&ig_cache_key=MzQwOTAzOTM3MzcxODExMTk3Ng%3D%3D.2-ccb7-5&oh=00_AYAbkv9BN_ip_0DImwchw5EZtru_YIM--AbCl3XFOnrehg&oe=66949D99&_nc_sid=10d13b,"1,016",top,"['#カフェ', '#畑美紗起', '#カジュアル', '#カジュアルコーデ', '#コーデ', '#みちゃしふく', '#ファッション', '#私服', '#今日のコーデ', '#コーディネート', '#fashion', '#japanesegirl', '#japanese', '#japanesefashion', '#fashion', '#dailylook', '#coordinate', '#ootd', '#shooting', '#me', '#shibuya', '#japaneseculture', '#instagood', '#cafe']"
https://scontent.cdninstagram.com/v/t51.29350-15/450445267_503639735453702_6819205525979008588_n.jpg?stp=dst-jpg_e35&efg=eyJ2ZW5jb2RlX3RhZyI6ImltYWdlX3VybGdlbi4xNDQweDE0NDAuc2RyLmYyOTM1MCJ9&_nc_ht=scontent.cdninstagram.com&_nc_cat=102&_nc_ohc=2FYcMPbMHGkQ7kNvgH2uEyx&gid=4e4811c8c6ef42fb85d55860fb547833&edm=APs17CUBAAAA&ccb=7-5&ig_cache_key=MzQwODg2NzAyMDI1NDA2NDM2Ng%3D%3D.2-ccb7-5&oh=00_AYAnDYMpage4NhXLkJdCEGUj67RjNGhmCTM98baFhcVVTQ&oe=66949B86&_nc_sid=10d13b,200,top,"['#大人コーデ', '#カジュアルコーデ', '#プチプラコーデ', '#低身長コーデ', '#ミディアムヘア', '#春コーデ', '#韓国ファッション', '#韓国コーデ', '#カフェコーデ', '#アパレルモデル', '#サロンモデル', '#関西サロンモデル', '#ミディアムアレンジ', '#春服', '#ジャケットコーデ', '#ootd', '#セットアップ', '#カジュアルガーリー', '#夏服', '#キャミソール', '#grl購入品', '#grl', '#心斎橋カフェ', '#和カフェ']"
